sample,atoms,ground_truth_energy_hartree,no_df_energy_hartree,df_energy_hartree,uma_energy_ev,xtb_energy_hartree,gxtb_energy_hartree,orca_energy_hartree,B3LYPD3BJdzvp_energy_kcal_mol,ground_truth_force_rms_hartree_per_bohr,no_df_force_rms_hartree_per_bohr,df_force_rms_hartree_per_bohr,uma_force_rms_ev_per_angstrom,xtb_force_rms_hartree_per_bohr,gxtb_force_rms_hartree_per_bohr,orca_force_rms_hartree_per_bohr,B3LYPD3BJdzvp_force_rms_kcal_mol_per_angstrom,ground_truth_hessian_rms_hartree_per_bohr2,no_df_hessian_rms_hartree_per_bohr2,df_hessian_rms_hartree_per_bohr2,uma_hessian_rms_ev_per_angstrom2,xtb_hessian_rms_hartree_per_bohr2,gxtb_hessian_rms_hartree_per_bohr2,orca_hessian_rms_hartree_per_bohr2,B3LYPD3BJdzvp_hessian_rms_kcal_mol_per_angstrom2,ground_truth_file,no_df_file,df_file,uma_file,xtb_file,gxtb_file,orca_file
0,35,-770.54793630613,,,,,-769.99579834729,-770.503390490785,,0.0044600848483643055,,,,,0.005975417913442438,0.004035389250693489,,0.045280574604555694,,,,,0.049363916120119346,0.04558861766723082,104.63584536438312,results/hessians/orca_wb97m_d4_def2_qzvppd/hessian_0_sample_0_orca_wb97m_d4_def2_qzvppd.h5,,,,,results/hessians/gxtb/hessian_0_sample_0_gxtb.h5,results/hessians/orca_wb97m_d4_def2_tzvpd/hessian_0_sample_0_orca_wb97m_d4_def2_tzvpd.h5
2,45,,,,,,-889.66397613017,-890.321538183691,,,,,,,0.0034673188590700374,0.002923859338745935,,,,,,,0.04677488842491033,0.04286935327337203,98.5265575648763,,,,,,results/hessians/gxtb/hessian_0_sample_2_gxtb.h5,results/hessians/orca_wb97m_d4_def2_tzvpd/hessian_0_sample_2_orca_wb97m_d4_def2_tzvpd.h5
4,40,-899.394231332986,,,,,,-899.344283183639,,0.004002020654618168,,,,,,0.003789077512469254,,0.044979823278276106,,,,,,0.04526520969105767,104.2265927999388,results/hessians/orca_wb97m_d4_def2_qzvppd/hessian_0_sample_4_orca_wb97m_d4_def2_qzvppd.h5,,,,,,results/hessians/orca_wb97m_d4_def2_tzvpd/hessian_0_sample_4_orca_wb97m_d4_def2_tzvpd.h5
8,13,,-970.4871857955898,,,,,,,,0.005269351521077251,,,,,,,,0.06518648981308346,,,,,,150.91096149363813,,results/hessians/no_df/hessian_0_sample_8_pyscf.h5,,,,,
9,32,-982.03672318247,,,-26707.56462573829,,,,,0.004272492648158722,,,0.18427245865121428,,,,,0.04375866964394742,,,4.2897123937781645,,,,102.21838535594762,results/hessians/orca_wb97m_d4_def2_qzvppd/hessian_0_sample_9_orca_wb97m_d4_def2_qzvppd.h5,,,results/hessians/uma/hessian_0_sample_9_uma_s_1p2.h5,,,
11,28,-707.925251259379,,,-19250.25497914818,-45.3185257477,-707.43054833313,-707.886643867073,,0.004251112966028321,,,0.19772186011342816,0.004803866023868374,0.004457967088199597,0.003972427579953122,,0.053743579547639565,,,5.2583246509505575,0.048815635572434166,0.05873468246482995,0.0540838655879244,124.9804606275921,results/hessians/orca_wb97m_d4_def2_qzvppd/hessian_0_sample_11_orca_wb97m_d4_def2_qzvppd.h5,,,results/hessians/uma/hessian_0_sample_11_uma_s_1p2.h5,results/hessians/xtb_gfn2/hessian_0_sample_11_xtb_gfn2.h5,results/hessians/gxtb/hessian_0_sample_11_gxtb.h5,results/hessians/orca_wb97m_d4_def2_tzvpd/hessian_0_sample_11_orca_wb97m_d4_def2_tzvpd.h5
12,28,,,,-18703.71170495778,,-687.3427888708,-687.809136722823,,,,,0.2312491059934069,,0.005537137806297231,0.004628543158247245,,,,,5.483677184879526,,0.06173366291944486,0.05639243286449258,129.74752307500663,,,,results/hessians/uma/hessian_0_sample_12_uma_s_1p2.h5,,results/hessians/gxtb/hessian_0_sample_12_gxtb.h5,results/hessians/orca_wb97m_d4_def2_tzvpd/hessian_0_sample_12_orca_wb97m_d4_def2_tzvpd.h5
13,44,,,,,,,-939.695579701811,,,,,,,,0.003552860993902033,,,,,,,,0.043578435877737486,100.27101698515422,,,,,,,results/hessians/orca_wb97m_d4_def2_tzvpd/hessian_0_sample_13_orca_wb97m_d4_def2_tzvpd.h5
16,25,-1078.230208560007,,,-29326.295098969473,,-1077.71888731136,-1078.184936307072,,0.004255037120139175,,,0.19766277522449063,,0.004704288510673418,0.003950528157509348,,0.05583833836007641,,,5.464858605829151,,0.060987092815661774,0.056196705485372755,129.85420019414815,results/hessians/orca_wb97m_d4_def2_qzvppd/hessian_0_sample_16_orca_wb97m_d4_def2_qzvppd.h5,,,results/hessians/uma/hessian_0_sample_16_uma_s_1p2.h5,,results/hessians/gxtb/hessian_0_sample_16_gxtb.h5,results/hessians/orca_wb97m_d4_def2_tzvpd/hessian_0_sample_16_orca_wb97m_d4_def2_tzvpd.h5
17,36,,,,,,,-1819.586701115748,,,,,,,,0.006880167953312079,,,,,,,,0.04897745242468222,113.140716969399,,,,,,,results/hessians/orca_wb97m_d4_def2_tzvpd/hessian_0_sample_17_orca_wb97m_d4_def2_tzvpd.h5
19,42,,,,,,-879.06166025597,-879.675961011917,,,,,,,0.004691328900186306,0.0038164090325121807,,,,,,,0.046298038184383314,0.04235343853275788,97.4506605241381,,,,,,results/hessians/gxtb/hessian_0_sample_19_gxtb.h5,results/hessians/orca_wb97m_d4_def2_tzvpd/hessian_0_sample_19_orca_wb97m_d4_def2_tzvpd.h5
25,26,,,,-15155.185319213173,,-556.94431442895,-557.331893216176,,,,,0.22431832123898807,,0.004866804421039385,0.004541341604325922,,,,,5.5763439538529145,,0.061391049953982785,0.05735801226545783,132.38104741316428,,,,results/hessians/uma/hessian_0_sample_25_uma_s_1p2.h5,,results/hessians/gxtb/hessian_0_sample_25_gxtb.h5,results/hessians/orca_wb97m_d4_def2_tzvpd/hessian_0_sample_25_orca_wb97m_d4_def2_tzvpd.h5
26,20,-562.361586925463,-561.977756735708,-561.9779045913481,-15292.206759319644,-34.46756143655,-561.9736518319,-562.331763535601,,0.005628455666511796,0.005312170277300769,0.005313363033908243,0.27278243720865475,0.008962156520924233,0.007089466000709912,0.005423697137015081,,0.06701230191492974,0.06739035040345052,0.06739032412281028,6.544782690170519,0.060550853591299164,0.07440358905315167,0.06735256912776484,155.37827688495884,results/hessians/orca_wb97m_d4_def2_qzvppd/hessian_0_sample_26_orca_wb97m_d4_def2_qzvppd.h5,results/hessians/no_df/hessian_0_sample_26_pyscf.h5,results/hessians/df/hessian_0_sample_26_pyscf_df.h5,results/hessians/uma/hessian_0_sample_26_uma_s_1p2.h5,results/hessians/xtb_gfn2/hessian_0_sample_26_xtb_gfn2.h5,results/hessians/gxtb/hessian_0_sample_26_gxtb.h5,results/hessians/orca_wb97m_d4_def2_tzvpd/hessian_0_sample_26_orca_wb97m_d4_def2_tzvpd.h5
27,30,-956.838210932761,,,-26022.046002128096,,-956.29213264558,-956.790236433426,,0.005049419623519949,,,0.23087487782616437,,0.005526759857948703,0.004684093642661532,,0.04919034387939597,,,4.816838993762228,,0.0535381291432224,0.04951148426855769,114.61729458015778,results/hessians/orca_wb97m_d4_def2_qzvppd/hessian_0_sample_27_orca_wb97m_d4_def2_qzvppd.h5,,,results/hessians/uma/hessian_0_sample_27_uma_s_1p2.h5,,results/hessians/gxtb/hessian_0_sample_27_gxtb.h5,results/hessians/orca_wb97m_d4_def2_tzvpd/hessian_0_sample_27_orca_wb97m_d4_def2_tzvpd.h5
29,44,-2327.709359181553,,,,,-2326.87256572297,-2327.618256186254,,0.0030797271395259984,,,,,0.005322303990792759,0.002765083518058936,,0.03458241759979483,,,,,0.037035731693808804,0.03488373702567997,80.14698175973739,results/hessians/orca_wb97m_d4_def2_qzvppd/hessian_0_sample_29_orca_wb97m_d4_def2_qzvppd.h5,,,,,results/hessians/gxtb/hessian_0_sample_29_gxtb.h5,results/hessians/orca_wb97m_d4_def2_tzvpd/hessian_0_sample_29_orca_wb97m_d4_def2_tzvpd.h5
31,22,-466.377593796202,,,-12681.867088957546,,-466.0482293958,-466.347865139841,,0.0029374454189321384,,,0.11501004410646994,,0.004898663732699133,0.002365482023455445,,0.05401217661393686,,,5.2839066861341415,,0.058146953040285596,0.054375662738965096,124.83171215866324,results/hessians/orca_wb97m_d4_def2_qzvppd/hessian_0_sample_31_orca_wb97m_d4_def2_qzvppd.h5,,,results/hessians/uma/hessian_0_sample_31_uma_s_1p2.h5,,results/hessians/gxtb/hessian_0_sample_31_gxtb.h5,results/hessians/orca_wb97m_d4_def2_tzvpd/hessian_0_sample_31_orca_wb97m_d4_def2_tzvpd.h5
33,24,-573.220326768946,-572.7942187419235,-572.7943712655342,-15586.536968140932,-36.60169040687,-572.79374926163,-573.190254614245,,0.007796608529687452,0.007267027923613584,0.0072654665955919915,0.3733844774536897,0.006856933973809698,0.007847885893759421,0.007493303237290906,,0.0663747730809772,0.0668728141120291,0.06687109827019805,6.496490461174333,0.06125480416273992,0.07207769186497914,0.06681265574300271,154.37551114372627,results/hessians/orca_wb97m_d4_def2_qzvppd/hessian_0_sample_33_orca_wb97m_d4_def2_qzvppd.h5,results/hessians/no_df/hessian_0_sample_33_pyscf.h5,results/hessians/df/hessian_0_sample_33_pyscf_df.h5,results/hessians/uma/hessian_0_sample_33_uma_s_1p2.h5,results/hessians/xtb_gfn2/hessian_0_sample_33_xtb_gfn2.h5,results/hessians/gxtb/hessian_0_sample_33_gxtb.h5,results/hessians/orca_wb97m_d4_def2_tzvpd/hessian_0_sample_33_orca_wb97m_d4_def2_tzvpd.h5
35,15,-350.091136575194,-349.8237182962557,-349.8238166619766,-9519.210552735321,-22.06788569164,-349.83002812341,-350.072477400016,,0.00783326550645228,0.007225797693025755,0.007226399631376062,0.3770049499672425,0.006748330772521679,0.009390701212131088,0.007434107827923742,,0.08410719910969962,0.08483942410459963,0.08483926410896495,8.274902918504052,0.07968134794448374,0.09080961882351661,0.08476592642210995,195.28610911163435,results/hessians/orca_wb97m_d4_def2_qzvppd/hessian_0_sample_35_orca_wb97m_d4_def2_qzvppd.h5,results/hessians/no_df/hessian_0_sample_35_pyscf.h5,results/hessians/df/hessian_0_sample_35_pyscf_df.h5,results/hessians/uma/hessian_0_sample_35_uma_s_1p2.h5,results/hessians/xtb_gfn2/hessian_0_sample_35_xtb_gfn2.h5,results/hessians/gxtb/hessian_0_sample_35_gxtb.h5,results/hessians/orca_wb97m_d4_def2_tzvpd/hessian_0_sample_35_orca_wb97m_d4_def2_tzvpd.h5
37,20,-1315.553239862928,-1315.0608555291597,,-35784.6424647549,,-1315.05711136853,-1315.506259849983,,0.005381077884454236,0.005314103149657845,,0.2738779807736369,,0.004846669359059202,0.0051751250478653775,,0.06328443090755931,0.06363842978358597,,6.1857513913706175,,0.07060862663444926,0.06366679104363918,146.3468437083756,results/hessians/orca_wb97m_d4_def2_qzvppd/hessian_0_sample_37_orca_wb97m_d4_def2_qzvppd.h5,results/hessians/no_df/hessian_0_sample_37_pyscf.h5,,results/hessians/uma/hessian_0_sample_37_uma_s_1p2.h5,,results/hessians/gxtb/hessian_0_sample_37_gxtb.h5,results/hessians/orca_wb97m_d4_def2_tzvpd/hessian_0_sample_37_orca_wb97m_d4_def2_tzvpd.h5
38,32,-4170.600443169636,,,-113463.66095160738,,-4169.70927724575,-4170.480873625451,,0.009371568629633713,,,0.4435207013036605,,0.009954492973445509,0.008672892459400993,,0.050412933913460925,,,4.943678400476413,,0.053834756398277825,0.050860149801853514,117.96494300564486,results/hessians/orca_wb97m_d4_def2_qzvppd/hessian_0_sample_38_orca_wb97m_d4_def2_qzvppd.h5,,,results/hessians/uma/hessian_0_sample_38_uma_s_1p2.h5,,results/hessians/gxtb/hessian_0_sample_38_gxtb.h5,results/hessians/orca_wb97m_d4_def2_tzvpd/hessian_0_sample_38_orca_wb97m_d4_def2_tzvpd.h5
39,24,-1107.190854457649,-1106.6671539966374,,-30113.96260912704,,-1106.66880305735,-1107.145569305886,,0.005523587335760821,0.005127924598277798,,0.2624984775793072,,0.005499524537802858,0.005239789191031636,,0.06073737348198465,0.061124009550676595,,5.94280393052167,,0.06634078816789662,0.06109828105187678,141.1594432441051,results/hessians/orca_wb97m_d4_def2_qzvppd/hessian_0_sample_39_orca_wb97m_d4_def2_qzvppd.h5,results/hessians/no_df/hessian_0_sample_39_pyscf.h5,,results/hessians/uma/hessian_0_sample_39_uma_s_1p2.h5,,results/hessians/gxtb/hessian_0_sample_39_gxtb.h5,results/hessians/orca_wb97m_d4_def2_tzvpd/hessian_0_sample_39_orca_wb97m_d4_def2_tzvpd.h5
40,34,-1280.389025496901,,,-34822.85042073747,,-1279.72129129252,-1280.333336880979,,0.005172087758189968,,,0.2450180117929043,,0.0055951222409598095,0.004881698110889023,,0.05128688469835506,,,5.016033034521967,,0.05621655014276816,0.051582681421251594,118.93690262062488,results/hessians/orca_wb97m_d4_def2_qzvppd/hessian_0_sample_40_orca_wb97m_d4_def2_qzvppd.h5,,,results/hessians/uma/hessian_0_sample_40_uma_s_1p2.h5,,results/hessians/gxtb/hessian_0_sample_40_gxtb.h5,results/hessians/orca_wb97m_d4_def2_tzvpd/hessian_0_sample_40_orca_wb97m_d4_def2_tzvpd.h5
51,20,,-606.7794504788811,,,,,,,,0.00596845147140304,,,,,,,,0.06706109466672544,,,,,,154.82777563061472,,results/hessians/no_df/hessian_0_sample_51_pyscf.h5,,,,,
56,15,-395.271853981369,-395.01732762064,,-10748.97615880878,,-395.02437886577,-395.250139473015,,0.0030366112138284357,0.0026893373947665267,,0.13873491529230128,,0.005255046665980721,0.0026599429678654226,,0.06188233278458707,0.062400198380414884,,6.062240293769831,,0.06790938136191639,0.0623934764926494,143.34896257901002,results/hessians/orca_wb97m_d4_def2_qzvppd/hessian_0_sample_56_orca_wb97m_d4_def2_qzvppd.h5,results/hessians/no_df/hessian_0_sample_56_pyscf.h5,,results/hessians/uma/hessian_0_sample_56_uma_s_1p2.h5,,results/hessians/gxtb/hessian_0_sample_56_gxtb.h5,results/hessians/orca_wb97m_d4_def2_tzvpd/hessian_0_sample_56_orca_wb97m_d4_def2_tzvpd.h5
59,46,-3387.163248420809,,,,,-3388.28114589384,-3389.021395973487,,0.09637234040136934,,,,,0.002955900717256075,0.0021636000391099474,,60.02870689374866,,,,,0.041556623712181676,0.03777219197023146,86.5301607994845,results/hessians/orca_wb97m_d4_def2_qzvppd/hessian_0_sample_59_orca_wb97m_d4_def2_qzvppd.h5,,,,,results/hessians/gxtb/hessian_0_sample_59_gxtb.h5,results/hessians/orca_wb97m_d4_def2_tzvpd/hessian_0_sample_59_orca_wb97m_d4_def2_tzvpd.h5
63,24,,-998.3205522490384,,,,,,,,0.0032384776907561632,,,,,,,,0.055628066062450444,,,,,,127.81190111681877,,results/hessians/no_df/hessian_0_sample_63_pyscf.h5,,,,,
67,18,-493.707025525136,-493.3747024122829,-493.3748537005158,-13425.417158816976,-30.84475264485,-493.37610388193,-493.680563600546,,0.0070996897168209795,0.0066510272974483154,0.00664959234892096,0.34151136381729225,0.009714810319729351,0.007757258054601019,0.006790311927935476,,0.06727790556463958,0.06775580214529149,0.06775563661880442,6.581370414239995,0.061118839047683955,0.07304913473629729,0.06771068534054832,156.72078723321007,results/hessians/orca_wb97m_d4_def2_qzvppd/hessian_0_sample_67_orca_wb97m_d4_def2_qzvppd.h5,results/hessians/no_df/hessian_0_sample_67_pyscf.h5,results/hessians/df/hessian_0_sample_67_pyscf_df.h5,results/hessians/uma/hessian_0_sample_67_uma_s_1p2.h5,results/hessians/xtb_gfn2/hessian_0_sample_67_xtb_gfn2.h5,results/hessians/gxtb/hessian_0_sample_67_gxtb.h5,results/hessians/orca_wb97m_d4_def2_tzvpd/hessian_0_sample_67_orca_wb97m_d4_def2_tzvpd.h5
77,18,-999.008218954375,-998.5731310430539,,-27172.57238147051,,-998.57652219088,-998.969772736057,,0.004768925970441239,0.004479326743831913,,0.23082300837548894,,0.005228439400539955,0.00451119093275157,,0.0655467797393975,0.06600364013996615,,6.408193806635187,,0.07208126978405076,0.0659696463587773,153.35279537526415,results/hessians/orca_wb97m_d4_def2_qzvppd/hessian_0_sample_77_orca_wb97m_d4_def2_qzvppd.h5,results/hessians/no_df/hessian_0_sample_77_pyscf.h5,,results/hessians/uma/hessian_0_sample_77_uma_s_1p2.h5,,results/hessians/gxtb/hessian_0_sample_77_gxtb.h5,results/hessians/orca_wb97m_d4_def2_tzvpd/hessian_0_sample_77_orca_wb97m_d4_def2_tzvpd.h5
78,40,-1250.551590361348,,,,,-1249.95297097725,-1250.493052820697,,0.0024017433456359123,,,,,0.005103425203974296,0.0020705921196967664,,0.03663568492457893,,,,,0.040350020164733484,0.03692773753614499,84.6589613606171,results/hessians/orca_wb97m_d4_def2_qzvppd/hessian_0_sample_78_orca_wb97m_d4_def2_qzvppd.h5,,,,,results/hessians/gxtb/hessian_0_sample_78_gxtb.h5,results/hessians/orca_wb97m_d4_def2_tzvpd/hessian_0_sample_78_orca_wb97m_d4_def2_tzvpd.h5
81,38,-1369.693190615559,,,,,-1368.96136342407,-1369.627804122217,,0.007100415341045202,,,,,0.007266564258801885,0.006557173943200141,,0.04562013351869592,,,,,0.049668606629568214,0.04594189540784028,106.02647335653198,results/hessians/orca_wb97m_d4_def2_qzvppd/hessian_0_sample_81_orca_wb97m_d4_def2_qzvppd.h5,,,,,results/hessians/gxtb/hessian_0_sample_81_gxtb.h5,results/hessians/orca_wb97m_d4_def2_tzvpd/hessian_0_sample_81_orca_wb97m_d4_def2_tzvpd.h5
88,36,-974.795670725537,,,,,-974.14309976241,-974.74387340849,,0.005642743654145276,,,,,0.006104551194911855,0.005174765719965362,,0.04606732117978983,,,,,0.05005366584465603,0.04635258275611197,106.98861469804137,results/hessians/orca_wb97m_d4_def2_qzvppd/hessian_0_sample_88_orca_wb97m_d4_def2_qzvppd.h5,,,,,results/hessians/gxtb/hessian_0_sample_88_gxtb.h5,results/hessians/orca_wb97m_d4_def2_tzvpd/hessian_0_sample_88_orca_wb97m_d4_def2_tzvpd.h5
92,16,-1026.922226553678,,,-27931.69747720856,,-1026.47501986372,-1026.883261365552,,0.010785087520408533,,,0.5284305159440712,,0.012721976933074667,0.010458395017744745,,0.0863108541877066,,,8.44185831640023,,0.09256370291640262,0.0868034141666056,202.9079607985392,results/hessians/orca_wb97m_d4_def2_qzvppd/hessian_0_sample_92_orca_wb97m_d4_def2_qzvppd.h5,,,results/hessians/uma/hessian_0_sample_92_uma_s_1p2.h5,,results/hessians/gxtb/hessian_0_sample_92_gxtb.h5,results/hessians/orca_wb97m_d4_def2_tzvpd/hessian_0_sample_92_orca_wb97m_d4_def2_tzvpd.h5
128,15,,-785.0501998526254,,,,,,,,0.0033510023128562887,,,,,,,,0.07439052757098706,,,,,,171.84514720608001,,results/hessians/no_df/hessian_0_sample_128_pyscf.h5,,,,,
132,18,,-837.2425788744168,,,,,,,,0.0047372638375830995,,,,,,,,0.07062022057053181,,,,,,163.39928078262724,,results/hessians/no_df/hessian_0_sample_132_pyscf.h5,,,,,
160,49,-1105.552841256964,,,,,-1104.84061268542,-1105.489262517026,,0.0035236884494194774,,,,,0.004097913114191819,0.0031422450518095967,,0.03491787040280204,,,,,0.037673459858035704,0.035196721104650774,81.09518887188287,results/hessians/orca_wb97m_d4_def2_qzvppd/hessian_0_sample_160_orca_wb97m_d4_def2_qzvppd.h5,,,,,results/hessians/gxtb/hessian_0_sample_160_gxtb.h5,results/hessians/orca_wb97m_d4_def2_tzvpd/hessian_0_sample_160_orca_wb97m_d4_def2_tzvpd.h5
220,8,-253.749265800094,-253.57249882521893,-253.57254395023222,-6900.0818422642715,-14.84462153857,-253.58291111681,-253.73707769766,,0.009299418618928416,0.008866578280339783,0.008862877401097612,0.4691130988935732,0.012934667112893448,0.007038615874899608,0.00886498382502014,,0.09729065583627218,0.09795044737411406,0.09795120223068265,9.382865498297681,0.09405793358851847,0.10404851689439303,0.0979805119458888,226.98899637417216,results/hessians/orca_wb97m_d4_def2_qzvppd/hessian_0_sample_220_orca_wb97m_d4_def2_qzvppd.h5,results/hessians/no_df/hessian_0_sample_220_pyscf.h5,results/hessians/df/hessian_0_sample_220_pyscf_df.h5,results/hessians/uma/hessian_0_sample_220_uma_s_1p2.h5,results/hessians/xtb_gfn2/hessian_0_sample_220_xtb_gfn2.h5,results/hessians/gxtb/hessian_0_sample_220_gxtb.h5,results/hessians/orca_wb97m_d4_def2_tzvpd/hessian_0_sample_220_orca_wb97m_d4_def2_tzvpd.h5
231,48,,,,,,,-891.735844378755,,,,,,,,0.0023873552767573053,,,,,,,,0.03876247148610319,89.03603802437075,,,,,,,results/hessians/orca_wb97m_d4_def2_tzvpd/hessian_0_sample_231_orca_wb97m_d4_def2_tzvpd.h5
245,14,-379.118135588622,,,-10309.246797236512,,-378.86320856515,-379.09736634084,,0.004969118621857704,,,0.2296908095146048,,0.005792461451776005,0.004563284889217557,,0.0772802700978889,,,7.565207395086547,,0.0843560054752897,0.07777693779724462,179.56570650896444,results/hessians/orca_wb97m_d4_def2_qzvppd/hessian_0_sample_245_orca_wb97m_d4_def2_qzvppd.h5,,,results/hessians/uma/hessian_0_sample_245_uma_s_1p2.h5,,results/hessians/gxtb/hessian_0_sample_245_gxtb.h5,results/hessians/orca_wb97m_d4_def2_tzvpd/hessian_0_sample_245_orca_wb97m_d4_def2_tzvpd.h5
294,48,-996.323127683181,,,,,-995.56127860058,-996.266137451985,,0.003763389985173064,,,,,0.004440867503544689,0.0035508954709567967,,0.03980275897807077,,,,,0.044202464865446205,0.040047285539954076,91.78450896592199,results/hessians/orca_wb97m_d4_def2_qzvppd/hessian_0_sample_294_orca_wb97m_d4_def2_qzvppd.h5,,,,,results/hessians/gxtb/hessian_0_sample_294_gxtb.h5,results/hessians/orca_wb97m_d4_def2_tzvpd/hessian_0_sample_294_orca_wb97m_d4_def2_tzvpd.h5
316,12,-3013.682135554871,-3013.2146190809117,-3013.2146699404902,-81993.75169101046,-28.46438096715,-3013.21409757427,-3013.612560202308,,0.010368558243481036,0.009784213403159582,0.009781939738767679,0.5029813799180184,0.010485803087299597,0.010363890913537812,0.009967478635590695,,0.10469056364844244,0.10603394617327166,0.10603304646986932,10.245317587336226,0.09673139919132892,0.1130250651690567,0.10535215667166484,244.54149638309983,results/hessians/orca_wb97m_d4_def2_qzvppd/hessian_0_sample_316_orca_wb97m_d4_def2_qzvppd.h5,results/hessians/no_df/hessian_0_sample_316_pyscf.h5,results/hessians/df/hessian_0_sample_316_pyscf_df.h5,results/hessians/uma/hessian_0_sample_316_uma_s_1p2.h5,results/hessians/xtb_gfn2/hessian_0_sample_316_xtb_gfn2.h5,results/hessians/gxtb/hessian_0_sample_316_gxtb.h5,results/hessians/orca_wb97m_d4_def2_tzvpd/hessian_0_sample_316_orca_wb97m_d4_def2_tzvpd.h5
318,12,-680.03868332223,-679.7638716429392,,-18497.32470991839,,-679.76609362428,-680.01171335115,,0.005571048647418625,0.005493751117794687,,0.2817977436165764,,0.005886396170730783,0.005390560863325806,,0.08153391031664259,0.08190553543793513,,7.950472273093938,,0.08866451048175657,0.0819738675403779,188.51638589654885,results/hessians/orca_wb97m_d4_def2_qzvppd/hessian_0_sample_318_orca_wb97m_d4_def2_qzvppd.h5,results/hessians/no_df/hessian_0_sample_318_pyscf.h5,,results/hessians/uma/hessian_0_sample_318_uma_s_1p2.h5,,results/hessians/gxtb/hessian_0_sample_318_gxtb.h5,results/hessians/orca_wb97m_d4_def2_tzvpd/hessian_0_sample_318_orca_wb97m_d4_def2_tzvpd.h5
451,11,,-334.0336623417213,,,,,,,,0.00301821202807277,,,,,,,,0.0769280541788313,,,,,,178.2375239290568,,results/hessians/no_df/hessian_0_sample_451_pyscf.h5,,,,,
462,15,,-494.3149656525149,,,,,,,,0.0035904506060045953,,,,,,,,0.06284184904195038,,,,,,144.18139872998194,,results/hessians/no_df/hessian_0_sample_462_pyscf.h5,,,,,
609,50,,,,,,,-1205.586364187149,,,,,,,,0.004404777529435415,,,,,,,,0.04249457622826443,97.74317142488661,,,,,,,results/hessians/orca_wb97m_d4_def2_tzvpd/hessian_0_sample_609_orca_wb97m_d4_def2_tzvpd.h5
798,50,,,,,,-1349.58936197034,-1350.440989030815,,,,,,,0.006590664122323601,0.005204497249438254,,,,,,,0.04600828018998876,0.04243369061364983,98.03326886312891,,,,,,results/hessians/gxtb/hessian_0_sample_798_gxtb.h5,results/hessians/orca_wb97m_d4_def2_tzvpd/hessian_0_sample_798_orca_wb97m_d4_def2_tzvpd.h5
895,12,,-306.44145991118285,,,,,,,,0.006049021835230849,,,,,,,,0.07921404629163933,,,,,,183.56757900681592,,results/hessians/no_df/hessian_0_sample_895_pyscf.h5,,,,,
913,13,,-2142.040513796194,,,,,,,,0.00409288845110443,,,,,,,,0.07552681617781642,,,,,,175.13802146634134,,results/hessians/no_df/hessian_0_sample_913_pyscf.h5,,,,,
1229,10,-635.264257709259,-635.0034461317478,-635.0035244606797,-17279.330833910713,-21.64638266244,-635.00551905532,-635.238287218015,,0.006848184642233926,0.006511281982284895,0.006509612111104549,0.33214170259214254,0.00870962620239115,0.006831353526075787,0.006461705484786188,,0.08151935611615962,0.08197859637398848,0.08197564025822582,7.969500649645346,0.07257641189780938,0.08138302497263197,0.08193164764836994,192.0394480815076,results/hessians/orca_wb97m_d4_def2_qzvppd/hessian_0_sample_1229_orca_wb97m_d4_def2_qzvppd.h5,results/hessians/no_df/hessian_0_sample_1229_pyscf.h5,results/hessians/df/hessian_0_sample_1229_pyscf_df.h5,results/hessians/uma/hessian_0_sample_1229_uma_s_1p2.h5,results/hessians/xtb_gfn2/hessian_0_sample_1229_xtb_gfn2.h5,results/hessians/gxtb/hessian_0_sample_1229_gxtb.h5,results/hessians/orca_wb97m_d4_def2_tzvpd/hessian_0_sample_1229_orca_wb97m_d4_def2_tzvpd.h5
2850,8,-875.173869764857,-874.9465936272007,,-23808.51989611193,,-874.9559040988,-875.145597131884,,0.005141111631017747,0.005097992170895832,,0.2642174331932426,,0.001703980099349685,0.004875679088453118,,0.06907178119709187,0.06998593805274843,,6.7720676138367795,,0.0761203565494455,0.06964369693053156,159.9597383967725,results/hessians/orca_wb97m_d4_def2_qzvppd/hessian_0_sample_2850_orca_wb97m_d4_def2_qzvppd.h5,results/hessians/no_df/hessian_0_sample_2850_pyscf.h5,,results/hessians/uma/hessian_0_sample_2850_uma_s_1p2.h5,,results/hessians/gxtb/hessian_0_sample_2850_gxtb.h5,results/hessians/orca_wb97m_d4_def2_tzvpd/hessian_0_sample_2850_orca_wb97m_d4_def2_tzvpd.h5
3155,10,-644.724150034175,-644.4881610381241,,-17537.424806246556,,-644.49834970874,-644.696648629913,,0.011104188609194546,0.01045134452724881,,0.5361434979368541,,0.013674765974845531,0.01033997066382275,,0.07622352129308264,0.07721893393648052,,7.469271186634193,,0.07767718706637147,0.07690892554559953,178.82499704508777,results/hessians/orca_wb97m_d4_def2_qzvppd/hessian_0_sample_3155_orca_wb97m_d4_def2_qzvppd.h5,results/hessians/no_df/hessian_0_sample_3155_pyscf.h5,,results/hessians/uma/hessian_0_sample_3155_uma_s_1p2.h5,,results/hessians/gxtb/hessian_0_sample_3155_gxtb.h5,results/hessians/orca_wb97m_d4_def2_tzvpd/hessian_0_sample_3155_orca_wb97m_d4_def2_tzvpd.h5
3453,10,,-325.8442654550913,,,,,,,,0.00500410373979192,,,,,,,,0.10910471647323591,,,,,,252.7224145808263,,results/hessians/no_df/hessian_0_sample_3453_pyscf.h5,,,,,
3758,10,,-695.9071838163331,,,,,,,,0.004019866015064134,,,,,,,,0.060804217488132035,,,,,,140.09118197413127,,results/hessians/no_df/hessian_0_sample_3758_pyscf.h5,,,,,
3860,5,-291.933447278318,-291.8453606484924,-291.8454039185151,-7941.51941895916,-3.76306604715,-291.84336301572,-291.922951360741,,0.0020150681126092146,0.00178019218165463,0.0017817660283315961,0.09101308281719114,0.004424642105281713,0.002471222949985644,0.001800458767655391,,0.053992963578636345,0.054025287452665244,0.05399291589113903,5.281013519099146,0.04595315399499147,0.05065891999077934,0.05430404252536798,124.28483834672731,results/hessians/orca_wb97m_d4_def2_qzvppd/hessian_0_sample_3860_orca_wb97m_d4_def2_qzvppd.h5,results/hessians/no_df/hessian_0_sample_3860_pyscf.h5,results/hessians/df/hessian_0_sample_3860_pyscf_df.h5,results/hessians/uma/hessian_0_sample_3860_uma_s_1p2.h5,results/hessians/xtb_gfn2/hessian_0_sample_3860_xtb_gfn2.h5,results/hessians/gxtb/hessian_0_sample_3860_gxtb.h5,results/hessians/orca_wb97m_d4_def2_tzvpd/hessian_0_sample_3860_orca_wb97m_d4_def2_tzvpd.h5
5335,7,-368.0829969019,,,-10012.23027917327,,-367.9371525104,-368.067872789349,,0.004378232665491652,,,0.22637349341314358,,0.004867348074192803,0.004160854311737417,,0.08438430051664794,,,8.32008171937588,,0.08582994045857537,0.08513856780021073,196.6166126340499,results/hessians/orca_wb97m_d4_def2_qzvppd/hessian_0_sample_5335_orca_wb97m_d4_def2_qzvppd.h5,,,results/hessians/uma/hessian_0_sample_5335_uma_s_1p2.h5,,results/hessians/gxtb/hessian_0_sample_5335_gxtb.h5,results/hessians/orca_wb97m_d4_def2_tzvpd/hessian_0_sample_5335_orca_wb97m_d4_def2_tzvpd.h5
5921,6,-475.039489850607,,,-12920.444265322403,,-474.81519696018,-475.018560612412,,0.007710196199599185,,,0.3827848108924995,,0.007994314828168918,0.007358937810318721,,0.0945972555943901,,,9.272029750188157,,0.09791132232514115,0.09564486783561094,217.39601060124048,results/hessians/orca_wb97m_d4_def2_qzvppd/hessian_0_sample_5921_orca_wb97m_d4_def2_qzvppd.h5,,,results/hessians/uma/hessian_0_sample_5921_uma_s_1p2.h5,,results/hessians/gxtb/hessian_0_sample_5921_gxtb.h5,results/hessians/orca_wb97m_d4_def2_tzvpd/hessian_0_sample_5921_orca_wb97m_d4_def2_tzvpd.h5
9719,5,-1211.406783094264,-1211.1618124950555,,-32957.396914544224,,-1211.16199325799,-1211.372210006105,,0.003554746728596243,0.003705750923475606,,0.1899966225112715,,0.007300267725175382,0.003360066039716562,,0.05227833943085038,0.051472586395162966,,5.134532015546483,,0.05184848429772316,0.05263418709093379,120.90326798791479,results/hessians/orca_wb97m_d4_def2_qzvppd/hessian_0_sample_9719_orca_wb97m_d4_def2_qzvppd.h5,results/hessians/no_df/hessian_0_sample_9719_pyscf.h5,,results/hessians/uma/hessian_0_sample_9719_uma_s_1p2.h5,,results/hessians/gxtb/hessian_0_sample_9719_gxtb.h5,results/hessians/orca_wb97m_d4_def2_tzvpd/hessian_0_sample_9719_orca_wb97m_d4_def2_tzvpd.h5
47783,3,-447.861081025504,-447.7378862301794,-447.73789375321365,-12183.47839656027,-5.5284305833,-447.74941576253,-447.847924796385,,0.008972110562892096,0.008458097309803514,0.008456392712067134,0.24379780397521175,0.017036245986260586,0.010594889641332936,0.008453636526441011,,0.10963874193546631,0.11122203113501616,0.11122395506720022,10.979319526692478,0.10668957595395329,0.11401373488429126,0.11058408631414145,252.1762180835878,results/hessians/orca_wb97m_d4_def2_qzvppd/hessian_0_sample_47783_orca_wb97m_d4_def2_qzvppd.h5,results/hessians/no_df/hessian_0_sample_47783_pyscf.h5,results/hessians/df/hessian_0_sample_47783_pyscf_df.h5,results/hessians/uma/hessian_0_sample_47783_uma_s_1p2.h5,results/hessians/xtb_gfn2/hessian_0_sample_47783_xtb_gfn2.h5,results/hessians/gxtb/hessian_0_sample_47783_gxtb.h5,results/hessians/orca_wb97m_d4_def2_tzvpd/hessian_0_sample_47783_orca_wb97m_d4_def2_tzvpd.h5
